id,sequence,embedding_path,is_fragment,fragment_types
fake01,ACDEFGHIKLM,,0,
fake02,ACDEFGHIKLMN,,0,
fake03,ACDEFGHIKLMNP,,1,N
fake04,ACDEFGHIKLMNPQ,,0,
fake05,ACDEFGHIKLMNPQR,,0,
fake06,ACDEFGHIKLMNPQRS,,1,N
fake07,ACDEFGHIKLMNPQRST,,0,
fake08,ACDEFGHIKLMNPQRSTV,,0,
fake09,ACDEFGHIKLMNPQRSTVW,,1,N
fake10,ACDEFGHIKLMNPQRSTVWY,,0,
fake11,ACDEFGHIKL,,0,
fake12,ACDEFGHIKLM,,1,N
fake13,ACDEFGHIKLMN,,0,
fake14,ACDEFGHIKLMNP,,0,
fake15,ACDEFGHIKLMNPQ,,1,N
fake16,ACDEFGHIKLMNPQR,,0,
fake17,ACDEFGHIKLMNPQRS,,0,
fake18,ACDEFGHIKLMNPQRST,,1,N
fake19,ACDEFGHIKLMNPQRSTV,,0,
fake20,ACDEFGHIKLMNPQRSTVW,,0,
